Workbook
Name _nmw1: [1]lead!$B$2

Sheet Estimate
A1: ESTIMATE
A2: 1. Division | D2: R & B (P) DIV. | F2: KHEDA | G2: JILLA PANCHAYAT | J2: R & B (P) DIVISION KDP NADIAD
A4: 2. Sub-Division | D4: R & B (P) SUB DIV. | F4: DAKOR | G4: NANI SINCHAI (P) SUB DIV | I4: DAKOR | J4: R & B (P) SUB DIVI DAKOR/ DEE ATVT PRANT OFFICE THASRA
D5: DEE ATVT PRANT | F5: THASRA
A6: 3. Sanctioned Estimate No:
A8: 4. Fund Head: | D8: ૧૫ % વિવેકાધીન વર્ષ ૨૦૨૬-૨૭.
A10: 5. Major Head:
A12: 6. Minor Head:
A14: 7. Serviceable Head:
A16: 8. Departmental Head:
A18: Estimated framed in the office of the Taluka Development Officer, Taluka Panchyat, | H18: =F5 -> THASRA
A19: for the expenses that will be incurred in the Work Of
A20: કામ નું નામ :- | C20: ગોળજ તાબે ચોથીયાની મુવાડી મહેશભાઈ બાલાભાઈના ફળિયામાં પેવર બ્લોકનું કામ.
A21: Amounting to Rs. | G21: 100000
A22: Administrative approval No.:
D23: Date :
A25: & Technically sanctioned under No.:
D26: Date:
A27: Estimate prepared by | C27: : | D27: Shree V.A.Thakor. A.A.E.
A29: Estimate checked by: | C29: =C27 -> : | D29: =D27 -> Shree V.A.Thakor. A.A.E.
A31: Call or Authority:
A33: સામાન્ય વર્ણન
A34: SR. NO. | B34: 18 | C34: જા.નંબર/વશી- તા. /૦૩/૨૦૨૬.
A35: આ કામ ઉપરોક્ત યોજના હેઠળ મંજૂર થયેલ છે. આ કામના નકશા-અંદાજમાં સ્થળ સ્થિતિ મુજબ બોક્સ કટિંગ,સોફ્ટ મુરમ ,સ્પ્રેડીંગ, રોલિંગ, ૬૦ મીમી બ્લોક તથા તકતીની આઈટમનો સમાવેશ કરેલ છે. યઅ કામના નકશા -અંદાજમાં મા અને મકાન વિભાગના ચાલુ વર્ષના એસ. ઓ. આર. મુજબના ભાવ લીધેલ છે. | K35: આ કામ p5ZMST IMHGF હેઠળ મંજુર થયેલ છેઆ કામના નકશા-અંદાજમાં સ્થળ સ્થિતિ મુજબ બોક્સ કટીંગ, સોફ્ટ મુરમ, સ્પ્રેડીંગ , રોલીંગ, ૬૦મીમી બ્લોક તથા તક્તીની આઇટમનો સમાવેશ કરેલ છે. આ કામના નકશા-અંદાજ માં આર એન્ડ બી વિભાગના વર્ષ ૨૦15-16ના એસઓઆર મુજબના ભાવો લીધેલ છે.
F38: ADD. ASST. ENGINEER
G39: TALUKA PANCHAYAT
G40: =H18 -> THASRA

Sheet Abstract
A1: ABSTRACT SHEET
A2: =Estimate!A20 -> કામ નું નામ :- | C2: =Estimate!C20 -> ગોળજ તાબે ચોથીયાની મુવાડી મહેશભાઈ બાલાભાઈના ફળિયામાં પેવર બ્લોકનું કામ.
A3: QTY. | B3: UNIT | C3: ITEM | D3: RATE INCL.1% LABOUR CESS | E3: PER | F3: AMOUNT
A4: =Measurement!K7 -> 21 | B4: =Measurement!L7 -> Cmt | C4: Item No :- :- 1 Box cutting the road surface to proper slope and camber for making a base for road work including removing the excavated stuff and depositing on the road side slope as directed upto 50Mt.lead. | D4: =103.17+51.84 -> 155.01 | E4: =B4 -> Cmt | F4: =TRUNC((D5*A4),2) -> 3287.76 | I4: 1 | J4: =A4 -> 21 | K4: 104.2 | L4: =J4*K4 -> 2188.2 | O4: 103.17 | P4: =O4*1% -> 1.0317 | Q4: =O4+P4 -> 104.2017
C5: Page no.25 Item Code.26B008 + Page no.66 Item Code. 04005C= 103.17+51.84 | D5: =TRUNC((D4*1.01),2) -> 156.56 | I5: 2 | J5: =A12 -> 105 | K5: 686.9 | L5: =J5*K5 -> 72124.5 | O5: 51.84 | P5: =O5*1% -> 0.5184 | Q5: =O5+P5 -> 52.3584
A6: =Measurement!K10 -> 10.5 | B6: Cum | C6: Item No :- 2 Collecting, carting and stacking soft murum/binding material at site of work including filling the boxes etc comp. | D6: =Lead!I20 -> 208.34 | E6: =B6 -> Cum | F6: =TRUNC((D7*A6),2) -> 2209.41 | I6: 3 | J6: =Measurement!N24 -> 2.05 | K6: 3996.68 | L6: =J6*K6 -> 8193.194 | Q6: =Q4+Q5 -> 156.5601
C7: R.A. | D7: =TRUNC((D6*1.01),2) -> 210.42 | I7: 4 | J7: =A20 -> 1 | K7: 312.85 | L7: =J7*K7 -> 312.85
A8: 0 | B8: Cum | C8: Item No :- 3 Spreading blindage or road crust filling the gaps in metal and levelling to gradient and camber as directed (i) Murrum | D8: 97.34 | E8: =B8 -> Cum | F8: =TRUNC((D9*A8),2) -> 0
C9: R & B SOR 21-22 Item No.26.23 Item Code.26020A | D9: =TRUNC((D8*1.01),2) -> 98.31
A10: 0 | B10: Smt | C10: Item No :- 4 Rolling and consolidation water bound macadam (Except laterite and kankar) including watering not excceding 150 mm thickness ( main layer including binding matenals) including filling in depressions which occurs during the process (B) With power roller excceding 8 tonne and not excecding 12 tonne. | D10: 17.75 | E10: =B10 -> Smt | F10: =TRUNC((D11*A10),2) -> 0
C11: R & B SOR 21-22 Item No.26.76 Item Code.26021 | D11: =TRUNC((D10*1.01),2) -> 17.92
A12: =Measurement!K19 -> 105 | B12: Smt | C12: Item No :- 3 Providing and fixing pre-cast Rubber Dye / steel Dye inter lockingconcrete block 60mm thick with grade of concrete M300pnumatic compressed / vibrated mechanically and as perapproved design Confirming to IS 15658 : 2006 including 35 mmSand layer for levelling and filling the joint with sand in properline and level as per guidlines of IRC : SP 63-2018 etc. Complete. | D12: 733.18 | E12: Smt | F12: =TRUNC((D13*A12),2) -> 77753.55 | I12: 5 | J12: =A20 -> 1 | K12: 608 | L12: =J12*K12 -> 608
C13: Item No.14033 | D13: =TRUNC((D12*1.01),2) -> 740.51 | L13: =SUM(L4:L12) -> 83426.744
A14: =Measurement!K24 -> 41 | B14: Rmt | C14: Item No :- 4 Providing cement vata (10cm. x 10 cm. size) quarter round incement mortar 1:1 including neat cement finishing, watering etc.complete. | D14: 23.45 | E14: =B14 -> Rmt | F14: =TRUNC((D15*A14),2) -> 970.88 | L14: 3595.15
C15: Item No.0 Item Code.17015 | D15: =TRUNC((D14*1.01),2) -> 23.68 | L15: =L13-L14 -> 79831.594
A16: 0 | B16: Cum | C16: Item No:-7 Conveyance charges for disposal of earth as and where directed with in 1 KM from the end of cutting with all required lead and lift. | D16: 133.15 | E16: =B16 -> Cum | F16: =TRUNC((D17*A16),2) -> 0
C17: R & B SOR 21-22 STATEMENT-5 Item No.3.2.1A (2) | D17: =TRUNC((D16*1.01),2) -> 134.48
A18: 1 | B18: Job | C18: Item No :- 5 Testing charges for Kapchi,Metal,Sand,Cement,C.C. Cube as per schedule of testing | D18: =Lead!G41 -> 608 | E18: =B18 -> Job | F18: =TRUNC((D19*A18),2) -> 608
C19: AS PER SCHEDULE OF TESTING | D19: =D18 -> 608
A20: 1 | B20: No | C20: Item No:- 6 Providing and fixing Number plate of Marble plate stone of required size set in C.M. 1:4 including finishing and engraving letters etc. completes. | D20: 303.11 | E20: =B20 -> No | F20: =TRUNC((D21*A20),2) -> 306.14 | L20: 149048
C21: Item No.0 Item Code.26087 | D21: =TRUNC((D20*1.01),2) -> 306.14 | L21: =L15-L20 -> -69216.406
A22: Total | F22: =SUM(F4:F21) -> 85135.74
A23: Add 18% GST | F23: =F22*18% -> 15324.433
A24: Total | F24: =F22+F23 -> 100460.17
A25: Say Rs. | F25: =Estimate!G21 -> 100000
A26: A.A.E.
A27: Taluka Panchayat
A28: =Estimate!G40 -> THASRA

Sheet Measurement
A1: MEASUREMENT SHEET | N1: SS | O1: =Abstract!F25 -> 100000
A2: =Abstract!A2 -> કામ નું નામ :- | D2: =Estimate!C20 -> ગોળજ તાબે ચોથીયાની મુવાડી મહેશભાઈ બાલાભાઈના ફળિયામાં પેવર બ્લોકનું કામ. | N2: ABSTRACT | O2: =Abstract!F24 -> 100460.17
A3: Length = | C3: 10 | D3: Rmt | G3: TOTAL= | I3: =C3*C4 -> 105 | K3: SMT | O3: =O1-O2 -> -460.1732
A4: Width = | C4: 10.5 | D4: Rmt
A5: =Abstract!C4 -> Item No :- :- 1 Box cutting the road surface to proper slope and camber for making a base for road work including removing the excavated stuff and depositing on the road side slope as directed upto 50Mt.lead.
E6: 1 | F6: x | G6: =I3 -> 105 | H6: x | I6: 0.2 | J6: = | K6: =E6*G6*I6 -> 21
I7: Total Qty. = | K7: =SUM(K6:K6) -> 21 | L7: Cmt
A9: =Abstract!C6 -> Item No :- 2 Collecting, carting and stacking soft murum/binding material at site of work including filling the boxes etc comp.
E10: 1 | F10: x | G10: =G6 -> 105 | H10: x | I10: 0.1 | J10: = | K10: =E10*G10*I10 -> 10.5
I11: Total Qty. = | K11: =K10 -> 10.5 | L11: Cmt
A12: =Abstract!C8 -> Item No :- 3 Spreading blindage or road crust filling the gaps in metal and levelling to gradient and camber as directed (i) Murrum
A13: Qty. collected same as Item No. :- 2 | J13: = | K13: =K10 -> 10.5 | L13: Cmt
A15: =Abstract!C10 -> Item No :- 4 Rolling and consolidation water bound macadam (Except laterite and kankar) including watering not excceding 150 mm thickness ( main layer including binding matenals) including filling in depressions which occurs during the process (B) With power roller excceding 8 tonne and not excecding 12 tonne.
A16: Area covered = | E16: =C3 -> 10 | F16: x | G16: =#REF! -> #REF! | J16: = | K16: =TRUNC((G16*E16),2) -> #REF! | L16: Smt
A18: =Abstract!C12 -> Item No :- 3 Providing and fixing pre-cast Rubber Dye / steel Dye inter lockingconcrete block 60mm thick with grade of concrete M300pnumatic compressed / vibrated mechanically and as perapproved design Confirming to IS 15658 : 2006 including 35 mmSand layer for levelling and filling the joint with sand in properline and level as per guidlines of IRC : SP 63-2018 etc. Complete. | O18: SMT | P18: SQ FEET
I19: QTY | J19: = | K19: =I3 -> 105 | L19: Smt | M19: SQ FEET | N19: BRASS | O19: 1 | P19: =3.28*3.28 -> 10.7584
C20: BRASS | D20: = | E20: =N20 -> 11.29632 | I20: Total Qty. = | K20: =K19 -> 105 | L20: Smt | M20: =K20*P19 -> 1129.632 | N20: =M20/100 -> 11.29632
A21: =Abstract!C14 -> Item No :- 4 Providing cement vata (10cm. x 10 cm. size) quarter round incement mortar 1:1 including neat cement finishing, watering etc.complete.
A22: Qty = | C22: 2 | D22: x | E22: =C3 -> 10 | J22: = | K22: =TRUNC(C22*E22,2) -> 20 | L22: =Abstract!E14 -> Rmt
C23: 2 | D23: x | E23: =C4 -> 10.5 | J23: = | K23: =TRUNC(C23*E23,2) -> 21 | L23: =L22 -> Rmt
I24: Total Qty. = | K24: =SUM(K22:K23) -> 41 | L24: =L22 -> Rmt | M24: 0.05 | N24: =K24*M24 -> 2.05
A26: =Abstract!C18 -> Item No :- 5 Testing charges for Kapchi,Metal,Sand,Cement,C.C. Cube as per schedule of testing
J27: = | K27: 1 | L27: Job
A28: =Abstract!C16 -> Item No:-7 Conveyance charges for disposal of earth as and where directed with in 1 KM from the end of cutting with all required lead and lift.
A30: Qty same as Item No.:-1 | J30: = | K30: =K7 -> 21 | L30: Cmt
A32: =Abstract!C20 -> Item No:- 6 Providing and fixing Number plate of Marble plate stone of required size set in C.M. 1:4 including finishing and engraving letters etc. completes.
J33: = | K33: 1 | L33: No

Sheet Lead
A1: =Abstract!A2 -> કામ નું નામ :- | B1: =Abstract!C2 -> ગોળજ તાબે ચોથીયાની મુવાડી મહેશભાઈ બાલાભાઈના ફળિયામાં પેવર બ્લોકનું કામ.
A2: LEAD CHART
A4: (A) For B.T. Metal
A5: Sevaliya | B5: to | C5: =Estimate!H18 -> THASRA | D5: 30 | E5: KM
A6: =C5 -> THASRA | B6: to | C6: site of work | D6: 10
A7: Total | D7: =D5+D6 -> 40 | E7: KM
A8: Say | D8: =TRUNC(D7,0) -> 40 | E8: KM
A10: (B) Soft Murum
A11: Local | D11: 5 | E11: KM
A13: The Lead is Consider to be minimum and shortest motorable route
A17: RATE ANALYSIS OF MATERIALS
A18: Sr No. | B18: Item | C18: Lead | D18: Basic Rate | E18: Upto 5.0 KM | F18: Remaining Lead | I18: Amount
A19: 1 | B19: B.T.Metal 6 to 10 mm (SOR Page1:4) (vi) | C19: =Lead!D7 -> 40 | D19: 274 | E19: 58.71 | F19: =C19-5 -> 35 | G19: 5.41 | H19: =G19*F19 -> 189.35 | I19: =H19+E19+D19 -> 522.06
A20: 2 | B20: Stone Dust (SOR Page1 item-p1,15) | C20: =Lead!D11 -> 5 | D20: 149.63 | E20: 58.71 | F20: 0 | G20: 0 | H20: =TRUNC((G20*F20),2) -> 0 | I20: =H20+E20+D20 -> 208.34
E22: 6 to 10 mm | H22: Stone Dust
A23: For remaining lead Total lead above 5 to 10 | E23: 6.5 | H23: 5.85
A24: For remaining lead Total lead above 10 up to 15 | E24: 5.86 | H24: 5.27
A25: For remaining lead Total lead above 15 up to 25 | E25: 5.41 | H25: 4.87
A26: For remaining lead Total lead above 25 up to 50 | E26: 5.35 | H26: 4.82
A27: For remaining lead Total lead above 50 up to 100 | E27: 5.96 | H27: 5.36
A29: SCHUDEL OF TESTING
A30: Sr. No | B30: Item | C30: No of testing required | E30: Approved Rate | G30: Amount
A31: 1 | B31: Bricks | C31: 0 | D31: x | E31: 578 | F31: = | G31: =C31*E31 -> 0
A32: 2 | B32: Sand | C32: 1 | D32: x | E32: 388 | F32: = | G32: =C32*E32 -> 388
A33: 3 | B33: Cement | C33: 0 | D33: x | E33: 788 | F33: = | G33: =C33*E33 -> 0
A34: 4 | B34: Cube | C34: 0 | D34: x | E34: 238 | F34: = | G34: =C34*E34 -> 0
A35: 5 | B35: B.T.Kapchi | C35: 0 | D35: x | E35: 546 | F35: = | G35: =C35*E35 -> 0
A36: 6 | B36: Metal | C36: 0 | D36: x | E36: 696 | F36: = | G36: =C36*E36 -> 0
A37: 7 | B37: Paving Blocks | C37: 1 | D37: x | E37: 220 | F37: = | G37: =C37*E37 -> 220
A38: 8 | B38: Steel | C38: 0 | D38: x | E38: 294 | F38: = | G38: =C38*E38 -> 0
A39: 9 | B39: Pipe Line | C39: 0 | D39: x | E39: 300 | F39: = | G39: =C39*E39 -> 0
A40: 10 | B40: Gutter Pipe | C40: 0 | D40: x | E40: 300 | F40: = | G40: =C40*E40 -> 0
G41: =SUM(G31:G40) -> 608
A43: SITE PLAN
G52: A.A.E.
G53: TALUKA PANCHAYAT
G54: =Abstract!A28 -> THASRA
